[
  {
    "baseType": 3,
    "name": "N_numbers",
    "defaultValue": "",
    "description": "",
    "helpText": "comma separated, no spaces after comma",
    "isSystem": false,
    "minLength": 0,
    "maxLength": 3000,
    "validationRegex": "",
    "isValidate": false,
    "uuid": "ed196bcc-68d6-4c33-bd9d-07c49a1d523d"
  },
  {
    "baseType": 3,
    "name": "Notice",
    "defaultValue": "You are receiving this notification because you have an account in xMatters but are not a member of any group. \n\nIf you are not a member of a group, your account may be deleted.\n\nPlease contact your manager to assign you to a group or select the link below to be removed from xMatters",
    "description": "",
    "helpText": "",
    "isSystem": false,
    "minLength": 0,
    "maxLength": 3000,
    "validationRegex": "",
    "isValidate": false,
    "uuid": "2a7c40a6-014f-4fa5-9c71-f72a2a7bd65e"
  }
]