{
  "integrations": [
    {
      "id": "2cd8c31f-5dee-4683-9a75-1a670b665620",
      "name": "Create event to start flow - Event Status Updates",
      "action": "RUN_SCRIPT",
      "type": "OUTBOUND_WEBHOOK",
      "triggeredBy": "STATUS",
      "deployed": true,
      "form": "e5f2d710-0a27-4e35-abfe-d3a065c0ef96",
      "environment": "HOSTED",
      "authType": "NONE",
      "createdBy": "FLOW"
    },
    {
      "id": "dffc0e93-94af-4594-aebf-b94f33d67d5e",
      "name": "Start event - Notify users not in group",
      "action": "RUN_SCRIPT",
      "type": "INBOUND_WEBHOOK",
      "deployed": true,
      "form": "e5f2d710-0a27-4e35-abfe-d3a065c0ef96",
      "environment": "HOSTED",
      "authType": "URL",
      "createdBy": "FLOW",
      "integrationScriptStepUuid": "a0ef71e3-0a12-4046-a77a-57aaa030d5b7"
    }
  ],
  "endpoints": [],
  "constants": []
}