[
  {
    "id": "035fdefb-49c5-4ef2-804d-313a69dee916",
    "name": "Get a List of People - Loop through",
    "description": "Get a list of people and loop through",
    "icon": "http://s3-xmatters-static.s3.amazonaws.com/null/customers/8d580702-986e-4de3-873d-3a75b8073b42/IMAGE__20190509202204028__xmatters.png",
    "script": "\r\n// input people comma separated\r\nvar peopleList = input['personID'];\r\nconsole.log (\"Original people list:\" + peopleList);\r\n\r\n// splits the comma separated list of people into array\r\n\r\nvar str = peopleList.replace(/, /g, \",\");\r\nconsole.log (\"people list after replace\" +str);\r\nvar peopleArray = str.split(\",\");\r\nvar peopleCount = peopleArray.length;\r\nconsole.log(\"People count: \" + peopleCount);\r\n//var ResultText = \"\";\r\n//var GapCount = 0;\r\n\r\nfor (k = 0; k < peopleCount; k++) {   // loop for the number of groups\r\n\r\n\r\nconsole.log(\"Person = \" + peopleArray[k]);\r\nconsole.log(\"Encoded People= \" + encodeURIComponent(peopleArray[k]));\r\n\r\n\r\n// Send each person to the trigger\r\n\r\nvar trigger = JSON.stringify({\r\n\r\n\"personID\": encodeURIComponent(peopleArray[k])\r\n\r\n});\r\n\r\nconsole.log( 'Response payload: ' + JSON.stringify( trigger ) );\r\n\r\n\r\nvar req = http.request({\r\nmethod: 'POST',\r\nendpoint: 'xMatters',\r\n// change path to the id of your form once created Notify ueers no tin group\r\npath: '/api/integration/1/functions/dffc0e93-94af-4594-aebf-b94f33d67d5e/triggers?apiKey=f28bc0b3-62cf-4704-a3cc-764c8f850dbb',\r\nheaders: {\r\n'Content-Type': 'application/json'\r\n}\r\n});\r\n\r\nreq.write(trigger);\r\n\r\n}",
    "endpointLabel": "xMatters",
    "allowedEnvironment": "HOSTED",
    "accessibleByAll": "NotShared",
    "scriptStepType": "USER",
    "inputs": [
      {
        "id": "c24ad87e-fdc2-440e-a217-1a8b693bb372",
        "name": "personID",
        "helpText": "The n number of the person. If you use the name to identify the group, it must be URL-encoded. Example: Oracle%20Administrators Example: 438e9245-b32d-445f-916bd3e07932c892",
        "defaultValue": "",
        "multiline": true,
        "required": true,
        "validationRegex": "",
        "maxLength": 2000,
        "minLength": 0,
        "position": 0
      }
    ],
    "outputs": [
      {
        "id": "1f0addca-8a0f-4735-bae5-347704cd481a",
        "name": "id",
        "description": "",
        "position": 0
      },
      {
        "id": "a46a48b0-e823-41ee-a903-e57af13871d4",
        "name": "targetName",
        "description": "",
        "position": 1
      },
      {
        "id": "d126295c-c9db-4cae-83eb-b62eee004085",
        "name": "personID",
        "position": 2
      }
    ],
    "libraries": []
  },
  {
    "id": "88b0d47b-68f2-4bcd-a400-37cecd0f5feb",
    "name": "Get Persons Group membership",
    "description": "api call to get groups person is a member of",
    "icon": "http://s3-xmatters-static.s3.amazonaws.com/null/customers/8d580702-986e-4de3-873d-3a75b8073b42/IMAGE__20190509202204028__xmatters.png",
    "script": "var apiRequest = http.request({\n    'endpoint': 'xMatters',\n    'path': '/api/xm/1/people/' + input['personID'] + '/group-memberships',\n    'method': 'GET'\n});\nvar apiResponse = apiRequest.write();\n\noutput['statusCode'] = apiResponse.statusCode;   \n\nif (apiResponse.statusCode == 200) {\n    \n    var response = JSON.parse(apiResponse.body);\n    output['count'] = response.count;\n    output['total'] = response.total;\n    output['self'] = response.links.self;\n    output['next'] = response.links.next;\n    \n    output['groups'] = response.data;\n}",
    "endpointLabel": "xMatters",
    "allowedEnvironment": "HOSTED",
    "accessibleByAll": "NotShared",
    "scriptStepType": "USER",
    "inputs": [
      {
        "id": "d37584b4-ce6e-44af-a251-0ccd1f79aac1",
        "name": "personID",
        "helpText": "The unique identifier (id) or name (targetName) of the group.",
        "defaultValue": "",
        "multiline": false,
        "required": true,
        "validationRegex": "",
        "maxLength": 2000,
        "minLength": 0,
        "position": 0
      }
    ],
    "outputs": [
      {
        "id": "17c240bb-2af9-4b2b-aefb-8edd1e821699",
        "name": "statusCode",
        "description": "",
        "position": 0
      },
      {
        "id": "641d3bbb-509e-4d88-b7d3-98e57f4099b7",
        "name": "count",
        "description": "",
        "position": 1
      },
      {
        "id": "d763c300-5862-47ee-bc85-d25cba3bd065",
        "name": "total",
        "description": "",
        "position": 2
      },
      {
        "id": "8f21812f-a0ae-4364-aa3c-450b5b3643aa",
        "name": "groups",
        "description": "",
        "position": 3
      },
      {
        "id": "f5a7dcea-326b-474c-8568-b6649a019a4d",
        "name": "self",
        "description": "",
        "position": 4
      }
    ],
    "libraries": []
  },
  {
    "id": "a0ef71e3-0a12-4046-a77a-57aaa030d5b7",
    "name": "Start event - Notify users not in group",
    "description": "Triggers flow to notify people not in a group.",
    "icon": "/static/images/script_steps/http-trigger.png",
    "script": "/******************************************************************************\n* Custom HTTP Triggers\n*\n* Using an HTTP trigger lets you start a flow with a simple HTTP call.\n*\n* Each HTTP trigger is authenticated independently, which allows you to use it\n* without storing the login credentials of your xMatters account in an\n* external system.\n*\n* When you create a new HTTP trigger, the script only brings what is included in the payload.\n* This means properties from the form are not available as outputs. You need to map properties\n* from the request to the trigger outputs to use these properties in steps in your flow.\n*\n* The following sample code shows how to parse the payload from an incoming HTTP\n* request, then extract information from the payload and map it to outputs.\n* You can use it as a template and then customize it to work with your integration.\n*\n* For help creating HTTP triggers, see https://help.xmatters.com/ondemand/#cshid=FlowTriggersHTTP\n*/\n \n/**\n* Parse incoming data\n*\n* Typically, data is passed into an HTTP trigger as XML or JSON in the request\n* body, but you can represent the data in another format or include it as a query\n* parameter appended to the URL.\n*\n* The script's built-in request object enables you to access elements of the\n* request, including the payload contained in the request body and any URL\n* parameters. The following code snippets show how to retrieve these values.\n* Choose the option that matches how your system includes data in the request to\n* the HTTP trigger.\n*/\n//var payload = JSON.parse(request.body);  //Use this if the payload is a JSON object in the request body\n//var payload = JXON.parse(request.body);  //Use this if the payload is XML in the request body\n//var payload = request.parameters;        //Use this if the payload is in a query parameter\n \n/******************************************************************************\n* This example shows how to read a ticket number and summary from an incoming JSON\n* payload and map the information to the Ticket ID and Ticket Title outputs of the trigger.\n*\n* The ticket number and summary are passed to the HTTP trigger as a JSON object in the\n* request body.\n*\n* To run this example, uncomment the sample code and run the provided cURL command\n* to target the trigger, including ticket number and summary values in the JSON payload.\n* (Replace 'username' with your user name and the provided URL with the\n* URL from the HTTP trigger's Settings tab.)\n*\n* curl -H \"Content-Type: application/json\" -- user username -X POST -d\n* '{\n*    \"ticket number\" : \"1072128190001\",\n*    \"summary\": \"Web App registration is down\"\n* }' \"https://acmeco.xmatters.com/api/integrations/1/functions/1dc...fe0/triggers\"\n******************************************************************************/\n \n/**\n* Parse the request body (which contains a JSON object) and extract the payload data.\n*/\nvar payload = JSON.parse(request.body);\noutput.personID = payload.personID;\n//output['Ticket ID'] = payload['ticket number'];\n \n/**\n* Logging\n* To write messages to the Activity Stream, use console.log().\n*/\nconsole.log('Person id: ' + output.personID);",
    "allowedEnvironment": "HOSTED",
    "accessibleByAll": "NotShared",
    "triggerAuthType": "URL_AUTH",
    "scriptStepType": "CUSTOM_HTTP",
    "inputs": [],
    "outputs": [
      {
        "id": "5a966c06-a0c3-4bfd-a37d-7057b2fc04c9",
        "name": "personID",
        "position": 0
      }
    ],
    "libraries": []
  }
]