{
  "name": "Create event to start flow",
  "form": "e5f2d710-0a27-4e35-abfe-d3a065c0ef96",
  "blocks": [
    {
      "id": "6b4c9c53-8efc-4eb2-801d-eab5b6d02d61",
      "label": "Create event to start flow - Event Status Updates",
      "environment": "HOSTED",
      "presentation": "{\"w\":60,\"x\":-972,\"h\":60,\"y\":-380}",
      "step": "2cd8c31f-5dee-4683-9a75-1a670b665620",
      "stepType": "INTEGRATION"
    },
    {
      "id": "56bcb980-ccbc-4fb5-baf0-a5171cbfe63a",
      "label": "Event initiated",
      "environment": "HOSTED",
      "presentation": "{\"w\":60,\"x\":-678,\"h\":60,\"y\":-573}",
      "stepType": "SWITCH",
      "inputMappings": [
        {
          "inputPort": "input",
          "mapping": "${triggerOutputSTATUS.statusChanged.auditType}"
        }
      ],
      "switchCases": [
        {
          "caseId": "2f8d760e-b420-45e0-9843-c5f64afc33f1",
          "caseValue": "EVENT_CREATED"
        }
      ]
    },
    {
      "id": "1cf29a15-6abf-447b-bfd7-1ed8d1663167",
      "endpoint": "xMatters",
      "label": "Get Persons Group membership",
      "environment": "HOSTED",
      "presentation": "{\"w\":60,\"x\":-91,\"h\":60,\"y\":-503}",
      "step": "88b0d47b-68f2-4bcd-a400-37cecd0f5feb",
      "stepType": "SCRIPT_STEP",
      "inputMappings": [
        {
          "inputPort": "input",
          "mapping": "${8156d775-baf0-4a94-ba1d-9cf5d71a4e12.personID}",
          "stepInput": "d37584b4-ce6e-44af-a251-0ccd1f79aac1"
        }
      ]
    },
    {
      "id": "58ddf758-815e-4267-9669-c6533ee0ddb1",
      "endpoint": "xMatters",
      "label": "Get a List of People - Loop through",
      "environment": "HOSTED",
      "presentation": "{\"w\":60,\"x\":-513,\"h\":60,\"y\":-422}",
      "step": "035fdefb-49c5-4ef2-804d-313a69dee916",
      "stepType": "SCRIPT_STEP",
      "inputMappings": [
        {
          "inputPort": "input",
          "mapping": "${event.properties.N_numbers}",
          "stepInput": "c24ad87e-fdc2-440e-a217-1a8b693bb372"
        }
      ]
    },
    {
      "id": "8156d775-baf0-4a94-ba1d-9cf5d71a4e12",
      "label": "Start event - Notify users not in group",
      "environment": "HOSTED",
      "presentation": "{\"w\":60,\"x\":-268,\"h\":60,\"y\":-540}",
      "step": "dffc0e93-94af-4594-aebf-b94f33d67d5e",
      "stepType": "INTEGRATION"
    },
    {
      "id": "10f2cd1f-eb57-449d-b95b-4591f3f76247",
      "label": "Switch",
      "environment": "HOSTED",
      "presentation": "{\"w\":60,\"x\":-161,\"h\":60,\"y\":-283}",
      "stepType": "SWITCH",
      "inputMappings": [
        {
          "inputPort": "input",
          "mapping": "${1cf29a15-6abf-447b-bfd7-1ed8d1663167.count}"
        }
      ],
      "switchCases": [
        {
          "caseId": "57327eb8-d7b5-4b67-91a6-0f53e16da4c2",
          "caseValue": "0"
        }
      ]
    },
    {
      "id": "4978147a-db0b-4ee6-9549-2ff7da2f39ad",
      "label": "xMatters Create Event - Notify users",
      "environment": "HOSTED",
      "presentation": "{\"w\":60,\"x\":100,\"h\":60,\"y\":-155}",
      "step": "183315bc-2365-41ba-a465-71ccff76a8f2",
      "stepType": "CREATE_EVENT",
      "inputMappings": [
        {
          "inputPort": "input",
          "mapping": "You are receiving this notification because you have an account in xMatters but are not a member of any group. \n\nIf you are not a member of a group, your account may be deleted.\n\nPlease contact your manager to assign you to a group or select the link below to be removed from xMatters",
          "sectionItemKey": "2a7c40a6-014f-4fa5-9c71-f72a2a7bd65e"
        },
        {
          "inputPort": "input",
          "mapping": "${8156d775-baf0-4a94-ba1d-9cf5d71a4e12.personID}",
          "sectionItemKey": "recipients"
        }
      ]
    }
  ],
  "edges": [
    {
      "fromBlock": "8156d775-baf0-4a94-ba1d-9cf5d71a4e12",
      "fromPort": "output",
      "toBlock": "1cf29a15-6abf-447b-bfd7-1ed8d1663167",
      "toPort": "input"
    },
    {
      "fromBlock": "10f2cd1f-eb57-449d-b95b-4591f3f76247",
      "fromPort": "57327eb8-d7b5-4b67-91a6-0f53e16da4c2",
      "toBlock": "4978147a-db0b-4ee6-9549-2ff7da2f39ad",
      "toPort": "input"
    },
    {
      "fromBlock": "1cf29a15-6abf-447b-bfd7-1ed8d1663167",
      "fromPort": "output",
      "toBlock": "10f2cd1f-eb57-449d-b95b-4591f3f76247",
      "toPort": "input"
    },
    {
      "fromBlock": "56bcb980-ccbc-4fb5-baf0-a5171cbfe63a",
      "fromPort": "2f8d760e-b420-45e0-9843-c5f64afc33f1",
      "toBlock": "58ddf758-815e-4267-9669-c6533ee0ddb1",
      "toPort": "input"
    },
    {
      "fromBlock": "6b4c9c53-8efc-4eb2-801d-eab5b6d02d61",
      "fromPort": "output",
      "toBlock": "56bcb980-ccbc-4fb5-baf0-a5171cbfe63a",
      "toPort": "input"
    }
  ]
}